id;customer_name;contact_name;address;city;postal_code;country
1;Assistant;Market;program payment User-friendly;East Shaniaburgh;index;Namibia
2;Music Principal Sahara;Kong deposit;indexing Ball;West Ollie;mobile Direct Villages;Swaziland
3;partnerships Uzbekistan intelligence;Ergonomic Generic bluetooth;copying;Lake Kellie;deposit digital Compatible;Bermuda
4;Credit;plum synthesize Lilangeni;Chair Directives;New Roderick;Lead invoice;Morocco
5;Nevada Court Loan;Concrete;bypass Hat Berkshire;South Clintonhaven;override;Kiribati
6;Outdoors transparent;Kenya UIC-Franc;Shirt Rubber;North Brendan;experiences Sausages;Armenia
7;Central overriding;channels invoice;gold high-level;Draper;Gourde Electronics bypass;Paraguay
8;upward-trending Concrete wireless;Kids Open-source parsing;New Human;Ornland;haptic Dynamic Cambridgeshire;Bangladesh
9;RAM;(Keeling) quantify generating;Sausages user indexing;Robelfort;salmon Executive deliverables;Thailand
10;backing orange multi-byte;Loaf microchip;California invoice Investment;New Ada;program Jordan;Botswana
