id;supplier_name;contact_name;address;city;postal_code;country;phone
1;Croatian Springs Cambridgeshire;International Seychelles;e-commerce reinvent out-of-the-box;Lake Aliport;Forint;Afghanistan;371-688-7941 x6143
2;Virtual;Investor navigate grid-enabled;ADP;Murphystad;Connecticut Chief;Sierra Leone;(641) 523-4251
3;infomediaries;Advanced;generate Principal;East Dewayne;Corporate;Cook Islands;661-502-5019
4;De-engineered protocol;revolutionize HDD;programming fuchsia;Port St. Lucie;Garden visualize;Philippines;469-223-0561
5;Solutions;Investor;intranet Keyboard scale;Livonia;Legacy;Israel;(681) 888-1804
6;invoice;Avon Assimilated;multi-byte Adaptive algorithm;West Brycenhaven;HTTP Car;Malaysia;(587) 565-8148
7;bleeding-edge;olive sexy;Flat calculating;DuBuqueburgh;withdrawal Account portals;Peru;267-817-7303
8;networks red Keyboard;sensor Shoes;Hampshire;Sauertown;Home Massachusetts;Vanuatu;1-266-298-5238 x2224
9;Movies;1080p motivating Chief;hard Alley;Harrisshire;Cambridgeshire Facilitator;Micronesia;1-556-919-6366 x43549
10;Orchestrator San Chair;dynamic mindshare synthesize;Directives Mississippi;North Jazmyneville;Ramp holistic Function-based;Afghanistan;741-245-7920
